{
  "bits": 4,
  "H1_weight_bulk_vs_outlier": {
    "0.25": {
      "bulk_mse": 0.0006862178277628648,
      "outlier_mse": 0.007479143066452439,
      "outlier_frac": 0.006409327069265201
    },
    "0.3": {
      "bulk_mse": 0.0007252794034894776,
      "outlier_mse": 0.005755381539768831,
      "outlier_frac": 0.006409327069265201
    },
    "0.5": {
      "bulk_mse": 0.0009032979785770718,
      "outlier_mse": 0.0029765102072442083,
      "outlier_frac": 0.006409327069265201
    },
    "0.75": {
      "bulk_mse": 0.0011588958571402887,
      "outlier_mse": 0.0019382183690342012,
      "outlier_frac": 0.006409327069265201
    },
    "0.95": {
      "bulk_mse": 0.001384605648578988,
      "outlier_mse": 0.001583759128866347,
      "outlier_frac": 0.006409327069265201
    }
  },
  "H1_bulk_min_alpha": 0.25,
  "H1_outlier_min_alpha": 0.95,
  "H2_trajectory": {
    "steps": 25,
    "per_step_nmse": {
      "0.25": [
        0.00329,
        0.01002,
        0.02153,
        0.0358,
        0.05326,
        0.07465,
        0.10054,
        0.13244,
        0.16827,
        0.20811,
        0.2556,
        0.31046,
        0.37143,
        0.43961,
        0.51136,
        0.58496,
        0.65171,
        0.70838,
        0.76264,
        0.81219,
        0.85741,
        0.90106,
        0.949,
        1.00584,
        1.06836
      ],
      "0.5": [
        0.00215,
        0.00644,
        0.01333,
        0.0218,
        0.0318,
        0.04445,
        0.06031,
        0.0772,
        0.09667,
        0.11882,
        0.14389,
        0.17257,
        0.20408,
        0.24029,
        0.27908,
        0.32228,
        0.36515,
        0.40807,
        0.45166,
        0.49277,
        0.53467,
        0.5756,
        0.61878,
        0.66541,
        0.71425
      ],
      "0.75": [
        0.02262,
        0.05066,
        0.08809,
        0.12914,
        0.17048,
        0.21018,
        0.24746,
        0.27981,
        0.30946,
        0.32257,
        0.32872,
        0.34343,
        0.35825,
        0.3766,
        0.40015,
        0.42192,
        0.45085,
        0.47455,
        0.49457,
        0.51166,
        0.52596,
        0.53732,
        0.54629,
        0.55214,
        0.56544
      ]
    },
    "single_step_nmse": {
      "0.25": 0.00329,
      "0.5": 0.00215,
      "0.75": 0.02262
    },
    "terminal_nmse": {
      "0.25": 1.06836,
      "0.5": 0.71425,
      "0.75": 0.56544
    }
  },
  "known_FID_to_FP": {
    "rtn": 242.8,
    "alpha0.25": 275.1,
    "alpha0.75": 185.7
  }
}