{
  "alpha_star_est": 0.447,
  "bits": 4,
  "grid": [
    0.447,
    0.25,
    0.3,
    0.5,
    0.75,
    0.95,
    0.99
  ],
  "FP_top1": 73.68,
  "sweep": {
    "0.447": {
      "recon_nmse": 0.01228,
      "top1": 71.64
    },
    "0.25": {
      "recon_nmse": 0.0088,
      "top1": 71.24
    },
    "0.3": {
      "recon_nmse": 0.00875,
      "top1": 71.48
    },
    "0.5": {
      "recon_nmse": 0.01198,
      "top1": 71.24
    },
    "0.75": {
      "recon_nmse": 0.0183,
      "top1": 69.96
    },
    "0.95": {
      "recon_nmse": 0.02628,
      "top1": 64.6
    },
    "0.99": {
      "recon_nmse": 0.03137,
      "top1": 63.0
    }
  },
  "selected_alpha": 0.3,
  "selected": {
    "recon_nmse": 0.00875,
    "top1": 71.48
  }
}