{
  "alpha_star_est": 0.432,
  "bits": 3,
  "grid": [
    0.432,
    0.25,
    0.3,
    0.5,
    0.75,
    0.95,
    0.99
  ],
  "FP_WER": 3.74,
  "sweep": {
    "0.432": {
      "recon_nmse": 0.26484,
      "wer": 26.86
    },
    "0.25": {
      "recon_nmse": 0.22148,
      "wer": 17.33
    },
    "0.3": {
      "recon_nmse": 0.22149,
      "wer": 18.71
    },
    "0.5": {
      "recon_nmse": 0.3148,
      "wer": 78.07
    },
    "0.75": {
      "recon_nmse": 0.40866,
      "wer": 94.85
    },
    "0.95": {
      "recon_nmse": 0.49863,
      "wer": 158.92
    },
    "0.99": {
      "recon_nmse": 0.50568,
      "wer": 161.07
    }
  },
  "selected_alpha": 0.25,
  "selected": {
    "recon_nmse": 0.22148,
    "wer": 17.33
  }
}