{
  "alpha_star_est": 0.416,
  "bits": 4,
  "grid": [
    0.416,
    0.25,
    0.3,
    0.5,
    0.75,
    0.95,
    0.99
  ],
  "metric": "per_step_NMSE_vs_FP",
  "sweep": {
    "0.416": 0.02906,
    "0.25": 0.02897,
    "0.3": 0.02896,
    "0.5": 0.03087,
    "0.75": 0.09719,
    "0.95": 0.23694,
    "0.99": 0.29255
  },
  "selected_alpha": 0.3,
  "selected_nmse": 0.02896
}