{
  "alphas": [
    0.02,
    0.05,
    0.07,
    0.1,
    0.15,
    0.2,
    0.25,
    0.3,
    0.4,
    0.5,
    0.75,
    0.95
  ],
  "global_mse": [
    1.2014441845546267e-05,
    7.398061631154936e-06,
    5.926775116904537e-06,
    5.000203842087103e-06,
    4.549100391197196e-06,
    4.457937696618804e-06,
    4.498837190188472e-06,
    4.610541841050993e-06,
    4.948525187842279e-06,
    5.359872995806351e-06,
    6.557842799755538e-06,
    7.646212400421367e-06
  ],
  "outlier_mse": [
    0.0009361537360443132,
    0.0004973185156510832,
    0.0003244356830691686,
    0.0002063222770326926,
    0.00012754988862676933,
    8.625791292615759e-05,
    6.0199362754550144e-05,
    4.3918752605047e-05,
    2.7412694691975048e-05,
    1.9993581683290056e-05,
    1.253556083232373e-05,
    1.0185248811467318e-05
  ],
  "n_tensors": 24,
  "mean_out_frac": 0.0043787235917989165,
  "global_opt": 0.2,
  "outlier_opt": 0.95
}